{"runs": [{"env_config": {"env_map": [[0, 0, 0, 0, 0], [0, 1, 0, 1, 0], [0, 0, 0, 1, 0], [0, 1, 0, 0, 1], [0, 0, 1, 0, 0]], "env_name": "vector_grid_goal", "grid_dims": [5, 5], "player_location": [0, 0], "goal_location": [4, 4]}, "seed": 6000, "n_episodes": 100, "max_steps": 30, "visualizer": false, "vis_steps": false, "vis_frequency": 100, "output_path": "multi_policy_output", "output_dict": {}, "debug_mode": false, "hyperpolicy": "a_stochastic", "gamma": 0.9, "lr": 0.3, "max_epsilon": 0.5, "epsilon_decay": 0.001, "min_epsilon": 0.001, "mip_flag": true, "cycle_flag": true, "analytic_policy_update_frequency": 500, "random_endpoints": false, "reward_endpoints": true, "analytic_policy_active": false, "analytic_policy_chance": 0.3, "hp_struct": {"policy_objects": [{"policy_name": "q_policy", "prob_trajectory": [0.5, 0.5005, 0.5009995, 0.5014985005, 0.5019970019994999, 0.5024950049975005, 0.502992509992503, 0.5034895174825105, 0.503986027965028, 0.504482041937063, 0.5049775598951258, 0.5054725823352308, 0.5059671097528955, 0.5064611426431427, 0.5069546815004995, 0.507447726818999, 0.5079402790921801, 0.5084323388130878, 0.5089239064742748, 0.5094149825678005, 0.5099055675852326, 0.5103956620176474, 0.5108852663556298, 0.5113743810892741, 0.5118630067081849, 0.5123511437014767, 0.5128387925577752, 0.5133259537652175, 0.5138126278114522, 0.5142988151836407, 0.5147845163684571, 0.5152697318520887, 0.5157544621202366, 0.5162387076581163, 0.5167224689504583, 0.5172057464815079, 0.5176885407350262, 0.5181708521942913, 0.518652681342097, 0.5191340286607549, 0.5196148946320941, 0.5200952797374621, 0.5205751844577245, 0.5210546092732669, 0.5215335546639935, 0.5220120211093295, 0.5224900090882203, 0.5229675190791321, 0.5234445515600529, 0.5239211070084928, 0.5243971859014843, 0.5248727887155828, 0.5253479159268672, 0.5258225680109404, 0.5262967454429295, 0.5267704486974866, 0.527243678248789, 0.5277164345705403, 0.5281887181359697, 0.5286605294178337, 0.5291318688884159, 0.5296027370195275, 0.530073134282508, 0.5305430611482255, 0.5310125180870773, 0.5314815055689901, 0.5319500240634212, 0.5324180740393578, 0.5328856559653183, 0.533352770309353, 0.5338194175390437, 0.5342855981215047, 0.5347513125233831, 0.5352165612108598, 0.5356813446496489, 0.5361456633049992, 0.5366095176416943, 0.5370729081240526, 0.5375358352159285, 0.5379982993807126, 0.5384603010813319, 0.5389218407802505, 0.5393829189394703, 0.5398435360205309, 0.5403036924845104, 0.5407633887920258, 0.5412226254032337, 0.5416814027778305, 0.5421397213750527, 0.5425975816536777, 0.543054984072024, 0.543511929087952, 0.543968417158864, 0.5444244487417051, 0.5448800242929634, 0.5453351442686705, 0.5457898091244018, 0.5462440193152774, 0.5466977752959621, 0.5471510775206662]}, {"policy_name": "random_policy", "prob_trajectory": [0.5, 0.4995, 0.4990005, 0.4985014995, 0.4980029980005, 0.4975049950024995, 0.497007490007497, 0.4965104825174895, 0.496013972034972, 0.495517958062937, 0.4950224401048741, 0.4945274176647692, 0.49403289024710445, 0.4935388573568574, 0.4930453184995005, 0.492552273181001, 0.49205972090781996, 0.4915676611869122, 0.49107609352572523, 0.4905850174321995, 0.49009443241476736, 0.4896043379823526, 0.4891147336443702, 0.48862561891072587, 0.4881369932918151, 0.4876488562985233, 0.4871612074422248, 0.48667404623478255, 0.4861873721885478, 0.4857011848163592, 0.4852154836315429, 0.4847302681479113, 0.4842455378797634, 0.48376129234188364, 0.48327753104954174, 0.4827942535184922, 0.4823114592649737, 0.48182914780570874, 0.48134731865790303, 0.48086597133924514, 0.4803851053679059, 0.479904720262538, 0.47942481554227545, 0.47894539072673314, 0.47846644533600646, 0.4779879788906704, 0.47750999091177976, 0.477032480920868, 0.4765554484399471, 0.4760788929915072, 0.4756028140985157, 0.47512721128441715, 0.4746520840731327, 0.4741774319890596, 0.4737032545570705, 0.47322955130251343, 0.47275632175121096, 0.4722835654294597, 0.47181128186403026, 0.47133947058216624, 0.4708681311115841, 0.47039726298047246, 0.46992686571749204, 0.46945693885177453, 0.4689874819129227, 0.46851849443100985, 0.4680499759365788, 0.46758192596064224, 0.4671143440346816, 0.4666472296906469, 0.4661805824609563, 0.46571440187849533, 0.4652486874766168, 0.4647834387891402, 0.46431865535035105, 0.4638543366950007, 0.4633904823583057, 0.4629270918759474, 0.46246416478407143, 0.46200170061928736, 0.4615396989186681, 0.46107815921974943, 0.4606170810605297, 0.46015646397946913, 0.4596963075154897, 0.45923661120797415, 0.4587773745967662, 0.45831859722216944, 0.45786027862494727, 0.45740241834632234, 0.456945015927976, 0.456488070912048, 0.456031582841136, 0.45557555125829485, 0.45511997570703655, 0.45466485573132953, 0.45421019087559816, 0.45375598068472256, 0.45330222470403786, 0.45284892247933384]}]}, "np_seed": 6991, "env_seed": 6991, "python_seed": 6991, "color": "green", "label": " policy_chance: 0.3 seed: 6991"}, {"env_config": {"env_map": [[0, 0, 0, 0, 0], [0, 1, 0, 1, 0], [0, 0, 0, 1, 0], [0, 1, 0, 0, 1], [0, 0, 1, 0, 0]], "env_name": "vector_grid_goal", "grid_dims": [5, 5], "player_location": [0, 0], "goal_location": [4, 4]}, "seed": 6000, "n_episodes": 100, "max_steps": 30, "visualizer": false, "vis_steps": false, "vis_frequency": 100, "output_path": "multi_policy_output", "output_dict": {}, "debug_mode": false, "hyperpolicy": "a_stochastic", "gamma": 0.9, "lr": 0.3, "max_epsilon": 0.5, "epsilon_decay": 0.001, "min_epsilon": 0.001, "mip_flag": true, "cycle_flag": true, "analytic_policy_update_frequency": 500, "random_endpoints": false, "reward_endpoints": true, "analytic_policy_active": false, "analytic_policy_chance": 0.3, "hp_struct": {"policy_objects": [{"policy_name": "q_policy", "prob_trajectory": [0.5, 0.5005, 0.5009995, 0.5014985005, 0.5019970019994999, 0.5024950049975005, 0.502992509992503, 0.5034895174825105, 0.503986027965028, 0.504482041937063, 0.5049775598951258, 0.5054725823352308, 0.5059671097528955, 0.5064611426431427, 0.5069546815004995, 0.507447726818999, 0.5079402790921801, 0.5084323388130878, 0.5089239064742748, 0.5094149825678005, 0.5099055675852326, 0.5103956620176474, 0.5108852663556298, 0.5113743810892741, 0.5118630067081849, 0.5123511437014767, 0.5128387925577752, 0.5133259537652175, 0.5138126278114522, 0.5142988151836407, 0.5147845163684571, 0.5152697318520887, 0.5157544621202366, 0.5162387076581163, 0.5167224689504583, 0.5172057464815079, 0.5176885407350262, 0.5181708521942913, 0.518652681342097, 0.5191340286607549, 0.5196148946320941, 0.5200952797374621, 0.5205751844577245, 0.5210546092732669, 0.5215335546639935, 0.5220120211093295, 0.5224900090882203, 0.5229675190791321, 0.5234445515600529, 0.5239211070084928, 0.5243971859014843, 0.5248727887155828, 0.5253479159268672, 0.5258225680109404, 0.5262967454429295, 0.5267704486974866, 0.527243678248789, 0.5277164345705403, 0.5281887181359697, 0.5286605294178337, 0.5291318688884159, 0.5296027370195275, 0.530073134282508, 0.5305430611482255, 0.5310125180870773, 0.5314815055689901, 0.5319500240634212, 0.5324180740393578, 0.5328856559653183, 0.533352770309353, 0.5338194175390437, 0.5342855981215047, 0.5347513125233831, 0.5352165612108598, 0.5356813446496489, 0.5361456633049992, 0.5366095176416943, 0.5370729081240526, 0.5375358352159285, 0.5379982993807126, 0.5384603010813319, 0.5389218407802505, 0.5393829189394703, 0.5398435360205309, 0.5403036924845104, 0.5407633887920258, 0.5412226254032337, 0.5416814027778305, 0.5421397213750527, 0.5425975816536777, 0.543054984072024, 0.543511929087952, 0.543968417158864, 0.5444244487417051, 0.5448800242929634, 0.5453351442686705, 0.5457898091244018, 0.5462440193152774, 0.5466977752959621, 0.5471510775206662]}, {"policy_name": "random_policy",