{"runs": [{"env_config": {"env_map": [[0, 0, 0, 0, 0], [0, 1, 0, 1, 0], [0, 0, 0, 1, 0], [0, 1, 0, 0, 1], [0, 0, 1, 0, 0]], "env_name": "vector_grid_goal", "grid_dims": [5, 5], "player_location": [0, 0], "goal_location": [4, 4]}, "seed": 6000, "n_episodes": 100, "max_steps": 30, "visualizer": false, "vis_steps": false, "vis_frequency": 100, "output_path": "multi_policy_output", "output_dict": {}, "debug_mode": false, "hyperpolicy": "a_stochastic", "gamma": 0.9, "lr": 0.3, "max_epsilon": 0.5, "epsilon_decay": 0.001, "min_epsilon": 0.001, "mip_flag": true, "cycle_flag": true, "analytic_policy_update_frequency": 500, "random_endpoints": false, "reward_endpoints": true, "analytic_policy_active": false, "analytic_policy_chance": 0.3, "hp_struct": {"policy_objects": [{"policy_name": "q_policy", "prob_trajectory": [0.5, 0.5005, 0.5009995, 0.5014985005, 0.5019970019994999, 0.5024950049975005, 0.502992509992503, 0.5034895174825105, 0.503986027965028, 0.504482041937063, 0.5049775598951258, 0.5054725823352308, 0.5059671097528955, 0.5064611426431427, 0.5069546815004995, 0.507447726818999, 0.5079402790921801, 0.5084323388130878, 0.5089239064742748, 0.5094149825678005, 0.5099055675852326, 0.5103956620176474, 0.5108852663556298, 0.5113743810892741, 0.5118630067081849, 0.5123511437014767, 0.5128387925577752, 0.5133259537652175, 0.5138126278114522, 0.5142988151836407, 0.5147845163684571, 0.5152697318520887, 0.5157544621202366, 0.5162387076581163, 0.5167224689504583, 0.5172057464815079, 0.5176885407350262, 0.5181708521942913, 0.518652681342097, 0.5191340286607549, 0.5196148946320941, 0.5200952797374621, 0.5205751844577245, 0.5210546092732669, 0.5215335546639935, 0.5220120211093295, 0.5224900090882203, 0.5229675190791321, 0.5234445515600529, 0.5239211070084928, 0.5243971859014843, 0.5248727887155828, 0.5253479159268672, 0.5258225680109404, 0.5262967454429295, 0.5267704486974866, 0.527243678248789, 0.5277164345705403, 0.5281887181359697, 0.5286605294178337, 0.5291318688884159, 0.5296027370195275, 0.530073134282508, 0.5305430611482255, 0.5310125180870773, 0.5314815055689901, 0.5319500240634212, 0.5324180740393578, 0.5328856559653183, 0.533352770309353, 0.5338194175390437, 0.5342855981215047, 0.5347513125233831, 0.5352165612108598, 0.5356813446496489, 0.5361456633049992, 0.5366095176416943, 0.5370729081240526, 0.5375358352159285, 0.5379982993807126, 0.5384603010813319, 0.5389218407802505, 0.5393829189394703, 0.5398435360205309, 0.5403036924845104, 0.5407633887920258, 0.5412226254032337, 0.5416814027778305, 0.5421397213750527, 0.5425975816536777, 0.543054984072024, 0.543511929087952, 0.543968417158864, 0.5444244487417051, 0.5448800242929634, 0.5453351442686705, 0.5457898091244018, 0.5462440193152774, 0.5466977752959621, 0.5471510775206662]}, {"policy_name": "random_policy", "prob_trajectory": [0.3, 0.29969999999999997, 0.2994003, 0.2991008997, 0.2988017988003, 0.2985029970014997, 0.29820449400449817, 0.2979062895104937, 0.2976083832209832, 0.2973107748377622, 0.29701346406292445, 0.29671645059886154, 0.29641973414826267, 0.29612331441411444, 0.2958271910997003, 0.2955313639086006, 0.295235832544692, 0.2949405967121473, 0.29464565611543514, 0.2943510104593197, 0.2940566594488604, 0.2937626027894115, 0.2934688401866221, 0.2931753713464355, 0.292882195975089, 0.29258931377911396, 0.2922967244653349, 0.29200442774086954, 0.2917124233131287, 0.2914207108898155, 0.2911292901789257, 0.29083816088874676, 0.290547322727858, 0.2902567754051302, 0.28996651862972506, 0.28967655211109533, 0.28938687555898424, 0.2890974886834252, 0.28880839119474183, 0.28851958280354706, 0.28823106322074354, 0.2879428321575228, 0.28765488932536526, 0.2873672344360399, 0.2870798672016039, 0.2867927873344022, 0.2865059945470678, 0.2862194885525208, 0.28593326906396827, 0.2856473357949043, 0.2853616884591094, 0.28507632677065026, 0.2847912504438796, 0.28450645919343576, 0.2842219527342423, 0.283937730781508, 0.2836537930507266, 0.2833701392576758, 0.2830867691184181, 0.28280368234929976, 0.28252087866695047, 0.2822383577882835, 0.2819561194304952, 0.2816741633110647, 0.2813924891477536, 0.2811110966586059, 0.28082998556194727, 0.2805491555763853, 0.280268606420809, 0.27998833781438814, 0.27970834947657375, 0.2794286411270972, 0.2791492124859701, 0.2788700632734841, 0.27859119321021064, 0.2783126020170004, 0.2780342894149834, 0.2777562551255684, 0.27747849887044285, 0.2772010203715724, 0.27692381935120086, 0.2766468955318496, 0.2763702486363178, 0.27609387838768146, 0.2758177845092938, 0.2755419667247845, 0.27526642475805974, 0.2749911583333017, 0.27471616717496833, 0.2744414510077934, 0.2741670095567856, 0.2738928425472288, 0.2736189497046816, 0.2733453307549769, 0.2730719854242219, 0.2727989134387977, 0.2725261145253589, 0.2722535884108335, 0.2719813348224227, 0.2717093534876003]}, {"policy_name": "down_right_policy", "prob_trajectory": [0.12, 0.11987999999999999, 0.11976012000000001, 0.11964035987999999, 0.11952071952012, 0.11940119880059988, 0.11928179760179927, 0.11916251580419748, 0.11904335328839329, 0.11892430993510489, 0.11880538562516979, 0.11868658023954462, 0.11856789365930508, 0.11844932576564578, 0.11833087643988012, 0.11821254556344024, 0.1180943330178768, 0.11797623868485892, 0.11785826244617406, 0.11774040418372789, 0.11762266377954417, 0.11750504111576461, 0.11738753607464886, 0.1172701485385742, 0.11715287839003562, 0.1170357255116456, 0.11691868978613396, 0.11680177109634782, 0.11668496932525148, 0.11656828435592621, 0.11645171607157029, 0.11633526435549871, 0.1162189290911432, 0.11610271016205208, 0.11598660745189003, 0.11587062084443814, 0.1157547502235937, 0.11563899547337009, 0.11552335647789674, 0.11540783312141883, 0.11529242528829742, 0.11517713286300912, 0.1150619557301461, 0.11494689377441597, 0.11483194688064156, 0.1147171149337609, 0.11460239781882714, 0.11448779542100831, 0.11437330762558731, 0.11425893431796173, 0.11414467538364377, 0.11403053070826011, 0.11391650017755184, 0.11380258367737431, 0.11368878109369691, 0.11357509231260321, 0.11346151722029063, 0.11334805570307033, 0.11323470764736726, 0.11312147293971991, 0.11300835146678019, 0.1128953431153134, 0.11278244777219809, 0.11266966532442589, 0.11255699565910145, 0.11244443866344236, 0.11233199422477891, 0.11221966223055413, 0.1121074425683236, 0.11199533512575527, 0.1118833397906295, 0.11177145645083889, 0.11165968499438804, 0.11154802530939366, 0.11143647728408426, 0.11132504080680017, 0.11121371576599337, 0.11110250205022737, 0.11099139954817715, 0.11088040814862897, 0.11076952774048035, 0.11065875821273985, 0.11054809945452714, 0.11043755135507259, 0.11032711380371751, 0.1102167866899138, 0.1101065699032239, 0.10999646333332068, 0.10988646686998733, 0.10977658040311736, 0.10966680382271424, 0.10955713701889153, 0.10944757988187265, 0.10933813230199077, 0.10922879416968877, 0.10911956537551909, 0.10901044581014357, 0.10890143536433342, 0.10879253392896909, 0.10868374139504011]}]}, "np_seed": 6991, "env_seed": 6991, "python_seed": 6991, "color": "green", "label": " policy_chance: 0.3 seed: 6991"}], "generation_time": 1680107286.4353237, "variables": ["hp_struct", "analytic_policy_chance", "np_seed"]}